[
    {
        "pk": 17, 
        "model": "contenttypes.contenttype", 
        "fields": {
            "model": "consumer", 
            "name": "consumer", 
            "app_label": "piston"
        }
    }, 
    {
        "pk": 5, 
        "model": "contenttypes.contenttype", 
        "fields": {
            "model": "contenttype", 
            "name": "content type", 
            "app_label": "contenttypes"
        }
    }, 
    {
        "pk": 2, 
        "model": "contenttypes.contenttype", 
        "fields": {
            "model": "group", 
            "name": "group", 
            "app_label": "auth"
        }
    }, 
    {
        "pk": 12, 
        "model": "contenttypes.contenttype", 
        "fields": {
            "model": "incident", 
            "name": "incident", 
            "app_label": "callamedic"
        }
    }, 
    {
        "pk": 14, 
        "model": "contenttypes.contenttype", 
        "fields": {
            "model": "incidentresponder", 
            "name": "incident responder", 
            "app_label": "callamedic"
        }
    }, 
    {
        "pk": 8, 
        "model": "contenttypes.contenttype", 
        "fields": {
            "model": "logentry", 
            "name": "log entry", 
            "app_label": "admin"
        }
    }, 
    {
        "pk": 4, 
        "model": "contenttypes.contenttype", 
        "fields": {
            "model": "message", 
            "name": "message", 
            "app_label": "auth"
        }
    }, 
    {
        "pk": 9, 
        "model": "contenttypes.contenttype", 
        "fields": {
            "model": "migrationhistory", 
            "name": "migration history", 
            "app_label": "south"
        }
    }, 
    {
        "pk": 15, 
        "model": "contenttypes.contenttype", 
        "fields": {
            "model": "nonce", 
            "name": "nonce", 
            "app_label": "piston"
        }
    }, 
    {
        "pk": 1, 
        "model": "contenttypes.contenttype", 
        "fields": {
            "model": "permission", 
            "name": "permission", 
            "app_label": "auth"
        }
    }, 
    {
        "pk": 10, 
        "model": "contenttypes.contenttype", 
        "fields": {
            "model": "phone", 
            "name": "phone", 
            "app_label": "callamedic"
        }
    }, 
    {
        "pk": 16, 
        "model": "contenttypes.contenttype", 
        "fields": {
            "model": "resource", 
            "name": "resource", 
            "app_label": "piston"
        }
    }, 
    {
        "pk": 11, 
        "model": "contenttypes.contenttype", 
        "fields": {
            "model": "responder", 
            "name": "responder", 
            "app_label": "callamedic"
        }
    }, 
    {
        "pk": 13, 
        "model": "contenttypes.contenttype", 
        "fields": {
            "model": "responderlocation", 
            "name": "responder location", 
            "app_label": "callamedic"
        }
    }, 
    {
        "pk": 6, 
        "model": "contenttypes.contenttype", 
        "fields": {
            "model": "session", 
            "name": "session", 
            "app_label": "sessions"
        }
    }, 
    {
        "pk": 7, 
        "model": "contenttypes.contenttype", 
        "fields": {
            "model": "site", 
            "name": "site", 
            "app_label": "sites"
        }
    }, 
    {
        "pk": 18, 
        "model": "contenttypes.contenttype", 
        "fields": {
            "model": "token", 
            "name": "token", 
            "app_label": "piston"
        }
    }, 
    {
        "pk": 3, 
        "model": "contenttypes.contenttype", 
        "fields": {
            "model": "user", 
            "name": "user", 
            "app_label": "auth"
        }
    }, 
    {
        "pk": 1, 
        "model": "sites.site", 
        "fields": {
            "domain": "example.com", 
            "name": "example.com"
        }
    }, 
    {
        "pk": 1, 
        "model": "south.migrationhistory", 
        "fields": {
            "applied": "2011-07-04 15:24:59", 
            "app_name": "callamedic", 
            "migration": "0001_initial"
        }
    }, 
    {
        "pk": 2, 
        "model": "south.migrationhistory", 
        "fields": {
            "applied": "2011-07-04 15:34:31", 
            "app_name": "callamedic", 
            "migration": "0002_auto__chg_field_phone_device_id"
        }
    }, 
    {
        "pk": 3, 
        "model": "south.migrationhistory", 
        "fields": {
            "applied": "2011-07-05 14:45:18", 
            "app_name": "callamedic", 
            "migration": "0003_auto__add_unique_incidentresponder_incident_responder"
        }
    }, 
    {
        "pk": 4, 
        "model": "south.migrationhistory", 
        "fields": {
            "applied": "2011-07-06 10:44:51", 
            "app_name": "callamedic", 
            "migration": "0004_auto__add_field_responderlocation_latest"
        }
    }, 
    {
        "pk": "1893023", 
        "model": "callamedic.phone", 
        "fields": {
            "device_id": null
        }
    }, 
    {
        "pk": "18935", 
        "model": "callamedic.phone", 
        "fields": {
            "device_id": null
        }
    }, 
    {
        "pk": 1, 
        "model": "callamedic.incident", 
        "fields": {
            "status": "open", 
            "timestamp": "2011-07-04 17:22:57", 
            "address": "13 somewhere place", 
            "point": "POINT (17.8000000000000007 14.1999999999999993)"
        }
    }, 
    {
        "pk": 3, 
        "model": "callamedic.incident", 
        "fields": {
            "status": "open", 
            "timestamp": "2011-07-04 17:27:41", 
            "address": "13 somewhere place", 
            "point": "POINT (17.8000000000000007 14.1999999999999993)"
        }
    }, 
    {
        "pk": 4, 
        "model": "callamedic.incident", 
        "fields": {
            "status": "open", 
            "timestamp": "2011-07-04 17:30:35", 
            "address": "13 somewhere place", 
            "point": "POINT (17.8000000000000007 14.1999999999999993)"
        }
    }, 
    {
        "pk": 5, 
        "model": "callamedic.incident", 
        "fields": {
            "status": "open", 
            "timestamp": "2011-07-04 17:31:09", 
            "address": "13 somewhere place", 
            "point": "POINT (17.8000000000000007 14.1999999999999993)"
        }
    }, 
    {
        "pk": 6, 
        "model": "callamedic.incident", 
        "fields": {
            "status": "open", 
            "timestamp": "2011-07-04 17:42:43", 
            "address": "13 somewhere place", 
            "point": "POINT (17.8000000000000007 14.1999999999999993)"
        }
    }, 
    {
        "pk": 7, 
        "model": "callamedic.incident", 
        "fields": {
            "status": "open", 
            "timestamp": "2011-07-04 17:45:15", 
            "address": "13 somewhere place", 
            "point": "POINT (17.8000000000000007 14.1999999999999993)"
        }
    }, 
    {
        "pk": 8, 
        "model": "callamedic.incident", 
        "fields": {
            "status": "open", 
            "timestamp": "2011-07-04 17:45:55", 
            "address": "13 somewhere place", 
            "point": "POINT (17.8000000000000007 14.1999999999999993)"
        }
    }, 
    {
        "pk": 9, 
        "model": "callamedic.incident", 
        "fields": {
            "status": "open", 
            "timestamp": "2011-07-04 17:47:54", 
            "address": "13 somewhere place", 
            "point": "POINT (17.8000000000000007 14.1999999999999993)"
        }
    }, 
    {
        "pk": 2, 
        "model": "callamedic.incident", 
        "fields": {
            "status": "closed", 
            "timestamp": "2011-07-04 17:26:44", 
            "address": "13 somewhere place", 
            "point": "POINT (17.8000000000000007 14.1999999999999993)"
        }
    }, 
    {
        "pk": 10, 
        "model": "callamedic.incident", 
        "fields": {
            "status": "open", 
            "timestamp": "2011-07-04 18:53:34", 
            "address": "13 somewhere place", 
            "point": "POINT (17.8000000000000007 14.1999999999999993)"
        }
    }, 
    {
        "pk": 11, 
        "model": "callamedic.incident", 
        "fields": {
            "status": "open", 
            "timestamp": "2011-07-04 22:50:09", 
            "address": "13 somewhere place", 
            "point": "POINT (56.2999999999999972 35.9849999999999994)"
        }
    }, 
    {
        "pk": 12, 
        "model": "callamedic.incident", 
        "fields": {
            "status": "open", 
            "timestamp": "2011-07-05 21:22:06", 
            "address": "13 somewhere place", 
            "point": "POINT (17.8000000000000007 14.1999999999999993)"
        }
    }, 
    {
        "pk": 1, 
        "model": "callamedic.responderlocation", 
        "fields": {
            "timestamp": "2011-07-04 16:46:27", 
            "address": null, 
            "responder": "1893023", 
            "latest": false, 
            "point": "POINT (56.2999999999999972 35.9840000000000018)"
        }
    }, 
    {
        "pk": 3, 
        "model": "callamedic.responderlocation", 
        "fields": {
            "timestamp": "2011-07-04 21:46:56", 
            "address": null, 
            "responder": "1893023", 
            "latest": false, 
            "point": "POINT (56.2999999999999972 35.9840000000000018)"
        }
    }, 
    {
        "pk": 4, 
        "model": "callamedic.responderlocation", 
        "fields": {
            "timestamp": "2011-07-04 21:47:03", 
            "address": null, 
            "responder": "1893023", 
            "latest": false, 
            "point": "POINT (56.2999999999999972 35.9840000000000018)"
        }
    }, 
    {
        "pk": 5, 
        "model": "callamedic.responderlocation", 
        "fields": {
            "timestamp": "2011-07-04 21:47:05", 
            "address": null, 
            "responder": "1893023", 
            "latest": false, 
            "point": "POINT (56.2999999999999972 35.9840000000000018)"
        }
    }, 
    {
        "pk": 6, 
        "model": "callamedic.responderlocation", 
        "fields": {
            "timestamp": "2011-07-04 21:47:06", 
            "address": null, 
            "responder": "1893023", 
            "latest": false, 
            "point": "POINT (56.2999999999999972 35.9840000000000018)"
        }
    }, 
    {
        "pk": 7, 
        "model": "callamedic.responderlocation", 
        "fields": {
            "timestamp": "2011-07-05 21:25:07", 
            "address": null, 
            "responder": "1893023", 
            "latest": false, 
            "point": "POINT (17.8000000000000007 14.1999999999999993)"
        }
    }, 
    {
        "pk": 8, 
        "model": "callamedic.responderlocation", 
        "fields": {
            "timestamp": "2011-07-06 10:11:47", 
            "address": null, 
            "responder": "18935", 
            "latest": false, 
            "point": "POINT (17.8000000000000007 14.1999999999999993)"
        }
    }, 
    {
        "pk": 9, 
        "model": "callamedic.responderlocation", 
        "fields": {
            "timestamp": "2011-07-06 10:11:59", 
            "address": null, 
            "responder": "18935", 
            "latest": false, 
            "point": "POINT (17.8000000000000007 14.1999999999999993)"
        }
    }, 
    {
        "pk": 10, 
        "model": "callamedic.responderlocation", 
        "fields": {
            "timestamp": "2011-07-06 10:36:30", 
            "address": null, 
            "responder": "18935", 
            "latest": false, 
            "point": "POINT (15.8000000000000007 11.1999999999999993)"
        }
    }, 
    {
        "pk": 11, 
        "model": "callamedic.responderlocation", 
        "fields": {
            "timestamp": "2011-07-06 12:05:14", 
            "address": null, 
            "responder": "18935", 
            "latest": false, 
            "point": "POINT (15.8000000000000007 11.1999999999999993)"
        }
    }, 
    {
        "pk": 12, 
        "model": "callamedic.responderlocation", 
        "fields": {
            "timestamp": "2011-07-06 12:05:19", 
            "address": null, 
            "responder": "18935", 
            "latest": false, 
            "point": "POINT (15.8000000000000007 11.1999999999999993)"
        }
    }, 
    {
        "pk": 13, 
        "model": "callamedic.responderlocation", 
        "fields": {
            "timestamp": "2011-07-06 12:14:18", 
            "address": null, 
            "responder": "18935", 
            "latest": true, 
            "point": "POINT (17.8000000000000007 14.1999999999999993)"
        }
    }, 
    {
        "pk": 14, 
        "model": "callamedic.responderlocation", 
        "fields": {
            "timestamp": "2011-07-06 12:17:15", 
            "address": null, 
            "responder": "1893023", 
            "latest": false, 
            "point": "POINT (17.8000000000000007 14.1999999999999993)"
        }
    }, 
    {
        "pk": 15, 
        "model": "callamedic.responderlocation", 
        "fields": {
            "timestamp": "2011-07-06 12:17:42", 
            "address": null, 
            "responder": "1893023", 
            "latest": true, 
            "point": "POINT (17.8000000000000007 12.1999999999999993)"
        }
    }, 
    {
        "pk": 11, 
        "model": "callamedic.incidentresponder", 
        "fields": {
            "status": "standby", 
            "incident": 1, 
            "responder": "18935", 
            "contacted_at": null
        }
    }, 
    {
        "pk": 12, 
        "model": "callamedic.incidentresponder", 
        "fields": {
            "status": "en_route", 
            "incident": 1, 
            "responder": "1893023", 
            "contacted_at": null
        }
    }, 
    {
        "pk": 22, 
        "model": "auth.permission", 
        "fields": {
            "codename": "add_logentry", 
            "name": "Can add log entry", 
            "content_type": 8
        }
    }, 
    {
        "pk": 23, 
        "model": "auth.permission", 
        "fields": {
            "codename": "change_logentry", 
            "name": "Can change log entry", 
            "content_type": 8
        }
    }, 
    {
        "pk": 24, 
        "model": "auth.permission", 
        "fields": {
            "codename": "delete_logentry", 
            "name": "Can delete log entry", 
            "content_type": 8
        }
    }, 
    {
        "pk": 4, 
        "model": "auth.permission", 
        "fields": {
            "codename": "add_group", 
            "name": "Can add group", 
            "content_type": 2
        }
    }, 
    {
        "pk": 5, 
        "model": "auth.permission", 
        "fields": {
            "codename": "change_group", 
            "name": "Can change group", 
            "content_type": 2
        }
    }, 
    {
        "pk": 6, 
        "model": "auth.permission", 
        "fields": {
            "codename": "delete_group", 
            "name": "Can delete group", 
            "content_type": 2
        }
    }, 
    {
        "pk": 10, 
        "model": "auth.permission", 
        "fields": {
            "codename": "add_message", 
            "name": "Can add message", 
            "content_type": 4
        }
    }, 
    {
        "pk": 11, 
        "model": "auth.permission", 
        "fields": {
            "codename": "change_message", 
            "name": "Can change message", 
            "content_type": 4
        }
    }, 
    {
        "pk": 12, 
        "model": "auth.permission", 
        "fields": {
            "codename": "delete_message", 
            "name": "Can delete message", 
            "content_type": 4
        }
    }, 
    {
        "pk": 1, 
        "model": "auth.permission", 
        "fields": {
            "codename": "add_permission", 
            "name": "Can add permission", 
            "content_type": 1
        }
    }, 
    {
        "pk": 2, 
        "model": "auth.permission", 
        "fields": {
            "codename": "change_permission", 
            "name": "Can change permission", 
            "content_type": 1
        }
    }, 
    {
        "pk": 3, 
        "model": "auth.permission", 
        "fields": {
            "codename": "delete_permission", 
            "name": "Can delete permission", 
            "content_type": 1
        }
    }, 
    {
        "pk": 7, 
        "model": "auth.permission", 
        "fields": {
            "codename": "add_user", 
            "name": "Can add user", 
            "content_type": 3
        }
    }, 
    {
        "pk": 8, 
        "model": "auth.permission", 
        "fields": {
            "codename": "change_user", 
            "name": "Can change user", 
            "content_type": 3
        }
    }, 
    {
        "pk": 9, 
        "model": "auth.permission", 
        "fields": {
            "codename": "delete_user", 
            "name": "Can delete user", 
            "content_type": 3
        }
    }, 
    {
        "pk": 34, 
        "model": "auth.permission", 
        "fields": {
            "codename": "add_incident", 
            "name": "Can add incident", 
            "content_type": 12
        }
    }, 
    {
        "pk": 35, 
        "model": "auth.permission", 
        "fields": {
            "codename": "change_incident", 
            "name": "Can change incident", 
            "content_type": 12
        }
    }, 
    {
        "pk": 36, 
        "model": "auth.permission", 
        "fields": {
            "codename": "delete_incident", 
            "name": "Can delete incident", 
            "content_type": 12
        }
    }, 
    {
        "pk": 40, 
        "model": "auth.permission", 
        "fields": {
            "codename": "add_incidentresponder", 
            "name": "Can add incident responder", 
            "content_type": 14
        }
    }, 
    {
        "pk": 41, 
        "model": "auth.permission", 
        "fields": {
            "codename": "change_incidentresponder", 
            "name": "Can change incident responder", 
            "content_type": 14
        }
    }, 
    {
        "pk": 42, 
        "model": "auth.permission", 
        "fields": {
            "codename": "delete_incidentresponder", 
            "name": "Can delete incident responder", 
            "content_type": 14
        }
    }, 
    {
        "pk": 28, 
        "model": "auth.permission", 
        "fields": {
            "codename": "add_phone", 
            "name": "Can add phone", 
            "content_type": 10
        }
    }, 
    {
        "pk": 29, 
        "model": "auth.permission", 
        "fields": {
            "codename": "change_phone", 
            "name": "Can change phone", 
            "content_type": 10
        }
    }, 
    {
        "pk": 30, 
        "model": "auth.permission", 
        "fields": {
            "codename": "delete_phone", 
            "name": "Can delete phone", 
            "content_type": 10
        }
    }, 
    {
        "pk": 31, 
        "model": "auth.permission", 
        "fields": {
            "codename": "add_responder", 
            "name": "Can add responder", 
            "content_type": 11
        }
    }, 
    {
        "pk": 32, 
        "model": "auth.permission", 
        "fields": {
            "codename": "change_responder", 
            "name": "Can change responder", 
            "content_type": 11
        }
    }, 
    {
        "pk": 33, 
        "model": "auth.permission", 
        "fields": {
            "codename": "delete_responder", 
            "name": "Can delete responder", 
            "content_type": 11
        }
    }, 
    {
        "pk": 37, 
        "model": "auth.permission", 
        "fields": {
            "codename": "add_responderlocation", 
            "name": "Can add responder location", 
            "content_type": 13
        }
    }, 
    {
        "pk": 38, 
        "model": "auth.permission", 
        "fields": {
            "codename": "change_responderlocation", 
            "name": "Can change responder location", 
            "content_type": 13
        }
    }, 
    {
        "pk": 39, 
        "model": "auth.permission", 
        "fields": {
            "codename": "delete_responderlocation", 
            "name": "Can delete responder location", 
            "content_type": 13
        }
    }, 
    {
        "pk": 13, 
        "model": "auth.permission", 
        "fields": {
            "codename": "add_contenttype", 
            "name": "Can add content type", 
            "content_type": 5
        }
    }, 
    {
        "pk": 14, 
        "model": "auth.permission", 
        "fields": {
            "codename": "change_contenttype", 
            "name": "Can change content type", 
            "content_type": 5
        }
    }, 
    {
        "pk": 15, 
        "model": "auth.permission", 
        "fields": {
            "codename": "delete_contenttype", 
            "name": "Can delete content type", 
            "content_type": 5
        }
    }, 
    {
        "pk": 49, 
        "model": "auth.permission", 
        "fields": {
            "codename": "add_consumer", 
            "name": "Can add consumer", 
            "content_type": 17
        }
    }, 
    {
        "pk": 50, 
        "model": "auth.permission", 
        "fields": {
            "codename": "change_consumer", 
            "name": "Can change consumer", 
            "content_type": 17
        }
    }, 
    {
        "pk": 51, 
        "model": "auth.permission", 
        "fields": {
            "codename": "delete_consumer", 
            "name": "Can delete consumer", 
            "content_type": 17
        }
    }, 
    {
        "pk": 43, 
        "model": "auth.permission", 
        "fields": {
            "codename": "add_nonce", 
            "name": "Can add nonce", 
            "content_type": 15
        }
    }, 
    {
        "pk": 44, 
        "model": "auth.permission", 
        "fields": {
            "codename": "change_nonce", 
            "name": "Can change nonce", 
            "content_type": 15
        }
    }, 
    {
        "pk": 45, 
        "model": "auth.permission", 
        "fields": {
            "codename": "delete_nonce", 
            "name": "Can delete nonce", 
            "content_type": 15
        }
    }, 
    {
        "pk": 46, 
        "model": "auth.permission", 
        "fields": {
            "codename": "add_resource", 
            "name": "Can add resource", 
            "content_type": 16
        }
    }, 
    {
        "pk": 47, 
        "model": "auth.permission", 
        "fields": {
            "codename": "change_resource", 
            "name": "Can change resource", 
            "content_type": 16
        }
    }, 
    {
        "pk": 48, 
        "model": "auth.permission", 
        "fields": {
            "codename": "delete_resource", 
            "name": "Can delete resource", 
            "content_type": 16
        }
    }, 
    {
        "pk": 52, 
        "model": "auth.permission", 
        "fields": {
            "codename": "add_token", 
            "name": "Can add token", 
            "content_type": 18
        }
    }, 
    {
        "pk": 53, 
        "model": "auth.permission", 
        "fields": {
            "codename": "change_token", 
            "name": "Can change token", 
            "content_type": 18
        }
    }, 
    {
        "pk": 54, 
        "model": "auth.permission", 
        "fields": {
            "codename": "delete_token", 
            "name": "Can delete token", 
            "content_type": 18
        }
    }, 
    {
        "pk": 16, 
        "model": "auth.permission", 
        "fields": {
            "codename": "add_session", 
            "name": "Can add session", 
            "content_type": 6
        }
    }, 
    {
        "pk": 17, 
        "model": "auth.permission", 
        "fields": {
            "codename": "change_session", 
            "name": "Can change session", 
            "content_type": 6
        }
    }, 
    {
        "pk": 18, 
        "model": "auth.permission", 
        "fields": {
            "codename": "delete_session", 
            "name": "Can delete session", 
            "content_type": 6
        }
    }, 
    {
        "pk": 19, 
        "model": "auth.permission", 
        "fields": {
            "codename": "add_site", 
            "name": "Can add site", 
            "content_type": 7
        }
    }, 
    {
        "pk": 20, 
        "model": "auth.permission", 
        "fields": {
            "codename": "change_site", 
            "name": "Can change site", 
            "content_type": 7
        }
    }, 
    {
        "pk": 21, 
        "model": "auth.permission", 
        "fields": {
            "codename": "delete_site", 
            "name": "Can delete site", 
            "content_type": 7
        }
    }, 
    {
        "pk": 25, 
        "model": "auth.permission", 
        "fields": {
            "codename": "add_migrationhistory", 
            "name": "Can add migration history", 
            "content_type": 9
        }
    }, 
    {
        "pk": 26, 
        "model": "auth.permission", 
        "fields": {
            "codename": "change_migrationhistory", 
            "name": "Can change migration history", 
            "content_type": 9
        }
    }, 
    {
        "pk": 27, 
        "model": "auth.permission", 
        "fields": {
            "codename": "delete_migrationhistory", 
            "name": "Can delete migration history", 
            "content_type": 9
        }
    }, 
    {
        "pk": 1, 
        "model": "auth.user", 
        "fields": {
            "username": "davedaly", 
            "first_name": "", 
            "last_name": "", 
            "is_active": true, 
            "is_superuser": true, 
            "is_staff": true, 
            "last_login": "2011-07-04 16:18:51", 
            "groups": [], 
            "user_permissions": [], 
            "password": "sha1$81530$33c1161e05e9c207c097a7de29868c0e6e048036", 
            "email": "havingabath@gmail.com", 
            "date_joined": "2011-07-04 16:18:51"
        }
    }, 
    {
        "pk": 2, 
        "model": "auth.user", 
        "fields": {
            "username": "Dangermouse", 
            "first_name": "Dave", 
            "last_name": "Daly", 
            "is_active": true, 
            "is_superuser": false, 
            "is_staff": false, 
            "last_login": "2011-07-04 16:39:50", 
            "groups": [], 
            "user_permissions": [], 
            "password": "", 
            "email": "havingabath@hotmail.com", 
            "date_joined": "2011-07-04 16:39:50"
        }
    }, 
    {
        "pk": 4, 
        "model": "auth.user", 
        "fields": {
            "username": "Dangerous", 
            "first_name": "Dave", 
            "last_name": "Daly", 
            "is_active": true, 
            "is_superuser": false, 
            "is_staff": false, 
            "last_login": "2011-07-04 18:54:27", 
            "groups": [], 
            "user_permissions": [], 
            "password": "", 
            "email": "havingabath2@hotmail.com", 
            "date_joined": "2011-07-04 18:54:27"
        }
    }, 
    {
        "pk": "1893023", 
        "model": "callamedic.responder", 
        "fields": {
            "cert_valid_to": null, 
            "verified": false, 
            "user_ptr": 2, 
            "on_call": true, 
            "groups": [], 
            "user_permissions": [], 
            "organization": "Red Cross"
        }
    }, 
    {
        "pk": "18935", 
        "model": "callamedic.responder", 
        "fields": {
            "cert_valid_to": null, 
            "verified": false, 
            "user_ptr": 4, 
            "on_call": true, 
            "groups": [], 
            "user_permissions": [], 
            "organization": "Red Cross"
        }
    }
]